class,degree,monomial,indices,coefficient,abs_coefficient,n_paths,exact
Analysis,1,NUM_PKTS_1024_TO_1514_BYTES,30,-0.20342815556182337,0.20342815556182337,1,True
Analysis,1,DST_TO_SRC_SECOND_BYTES,19,-0.11743177778709508,0.11743177778709508,1,True
Analysis,1,ICMP_IPV4_TYPE,34,-0.09923712262144517,0.09923712262144517,1,True
Analysis,1,IN_PKTS,3,-0.07691995678135297,0.07691995678135297,1,True
Analysis,1,SRC_TO_DST_SECOND_BYTES,18,-0.0749064429136117,0.0749064429136117,1,True
Analysis,1,MAX_TTL,13,-0.06773970448394756,0.06773970448394756,1,True
Analysis,1,IN_BYTES,2,-0.06587471302555598,0.06587471302555598,1,True
Analysis,1,TCP_WIN_MAX_OUT,32,0.06483689946008821,0.06483689946008821,1,True
Analysis,2,NUM_PKTS_1024_TO_1514_BYTES x SRC_TO_DST_IAT_AVG,30-41,-0.048230902163716,0.048230902163716,2,True
Analysis,2,NUM_PKTS_512_TO_1024_BYTES x NUM_PKTS_1024_TO_1514_BYTES,29-30,0.04093502395927829,0.04093502395927829,2,True
Analysis,2,RETRANSMITTED_OUT_PKTS x NUM_PKTS_1024_TO_1514_BYTES,23-30,0.03820306928515121,0.03820306928515121,2,True
Analysis,2,DST_TO_SRC_SECOND_BYTES x NUM_PKTS_1024_TO_1514_BYTES,19-30,0.03512035350869985,0.03512035350869985,2,True
Analysis,2,NUM_PKTS_1024_TO_1514_BYTES x DST_TO_SRC_IAT_STDDEV,30-46,-0.030954110068600216,0.030954110068600216,2,True
Analysis,2,CLIENT_TCP_FLAGS x NUM_PKTS_1024_TO_1514_BYTES,7-30,-0.03050895566650144,0.03050895566650144,2,True
Analysis,2,NUM_PKTS_1024_TO_1514_BYTES x FTP_COMMAND_RET_CODE,30-38,-0.02905730254371554,0.02905730254371554,2,True
Analysis,2,NUM_PKTS_1024_TO_1514_BYTES x DST_TO_SRC_IAT_AVG,30-45,-0.028651773229079698,0.028651773229079698,2,True
Analysis,3,L7_PROTO x RETRANSMITTED_OUT_PKTS x ICMP_TYPE,1-23-33,-0.004798795711325536,0.004798795711325536,6,True
Analysis,3,L7_PROTO x OUT_BYTES x RETRANSMITTED_OUT_PKTS,1-4-23,-0.004571784699446934,0.004571784699446934,6,True
Analysis,3,L7_PROTO x RETRANSMITTED_OUT_PKTS x NUM_PKTS_128_TO_256_BYTES,1-23-27,-0.0043390647560076975,0.0043390647560076975,6,True
Analysis,3,L7_PROTO x SERVER_TCP_FLAGS x RETRANSMITTED_OUT_PKTS,1-8-23,-0.004148186747582608,0.004148186747582608,6,True
Analysis,3,L7_PROTO x RETRANSMITTED_OUT_PKTS x DST_TO_SRC_IAT_MAX,1-23-44,-0.0036331585310113395,0.0036331585310113395,6,True
Analysis,3,PROTOCOL x L7_PROTO x RETRANSMITTED_OUT_PKTS,0-1-23,-0.0035863094052459624,0.0035863094052459624,6,True
Analysis,3,L7_PROTO x RETRANSMITTED_OUT_PKTS x DST_TO_SRC_IAT_STDDEV,1-23-46,0.0035284636654609094,0.0035284636654609094,6,True
Analysis,3,NUM_PKTS_512_TO_1024_BYTES x NUM_PKTS_1024_TO_1514_BYTES x SRC_TO_DST_IAT_AVG,29-30-41,-0.003468785326337706,0.003468785326337706,6,True
Analysis,4,DST_TO_SRC_SECOND_BYTES x RETRANSMITTED_OUT_PKTS x NUM_PKTS_128_TO_256_BYTES x NUM_PKTS_128_TO_256_BYTES,19-23-27-27,-0.0013806895177572106,0.0013806895177572106,12,True
Analysis,4,RETRANSMITTED_OUT_PKTS x NUM_PKTS_128_TO_256_BYTES x NUM_PKTS_128_TO_256_BYTES x FTP_COMMAND_RET_CODE,23-27-27-38,-0.0013404937051163426,0.0013404937051163426,12,True
Analysis,4,DST_TO_SRC_SECOND_BYTES x RETRANSMITTED_OUT_PKTS x NUM_PKTS_128_TO_256_BYTES x FTP_COMMAND_RET_CODE,19-23-27-38,-0.0012676506060094873,0.0012676506060094873,24,True
Analysis,4,L7_PROTO x RETRANSMITTED_OUT_BYTES x NUM_PKTS_128_TO_256_BYTES x ICMP_IPV4_TYPE,1-22-27-34,0.0012505013266393746,0.0012505013266393746,24,True
Analysis,4,RETRANSMITTED_OUT_PKTS x NUM_PKTS_128_TO_256_BYTES x ICMP_IPV4_TYPE x FTP_COMMAND_RET_CODE,23-27-34-38,-0.0012409867021146359,0.0012409867021146359,24,True
Analysis,4,RETRANSMITTED_OUT_PKTS x NUM_PKTS_512_TO_1024_BYTES x ICMP_IPV4_TYPE x SRC_TO_DST_IAT_AVG,23-29-34-41,0.001203563202765986,0.001203563202765986,24,True
Analysis,4,L7_PROTO x DST_TO_SRC_SECOND_BYTES x NUM_PKTS_128_TO_256_BYTES x NUM_PKTS_1024_TO_1514_BYTES,1-19-27-30,0.0011929213500471323,0.0011929213500471323,24,True
Analysis,4,SERVER_TCP_FLAGS x NUM_PKTS_128_TO_256_BYTES x NUM_PKTS_512_TO_1024_BYTES x ICMP_IPV4_TYPE,8-27-29-34,0.0011712427350949687,0.0011712427350949687,24,True
Backdoor,1,NUM_PKTS_256_TO_512_BYTES,28,-0.08247986088787757,0.08247986088787757,1,True
Backdoor,1,SERVER_TCP_FLAGS,8,-0.08006486439225217,0.08006486439225217,1,True
Backdoor,1,PROTOCOL,0,0.07414907852089506,0.07414907852089506,1,True
Backdoor,1,SRC_TO_DST_AVG_THROUGHPUT,24,-0.06855075052898262,0.06855075052898262,1,True
Backdoor,1,L7_PROTO,1,-0.055736485836329126,0.055736485836329126,1,True
Backdoor,1,FTP_COMMAND_RET_CODE,38,0.053795901240373985,0.053795901240373985,1,True
Backdoor,1,SRC_TO_DST_IAT_AVG,41,0.05284699419522795,0.05284699419522795,1,True
Backdoor,1,DST_TO_SRC_SECOND_BYTES,19,-0.04779874259409692,0.04779874259409692,1,True
Backdoor,2,RETRANSMITTED_OUT_PKTS x NUM_PKTS_128_TO_256_BYTES,23-27,-0.014085534447873818,0.014085534447873818,2,True
Backdoor,2,LONGEST_FLOW_PKT x NUM_PKTS_256_TO_512_BYTES,14-28,-0.00900884143696725,0.00900884143696725,2,True
Backdoor,2,RETRANSMITTED_OUT_BYTES x NUM_PKTS_128_TO_256_BYTES,22-27,-0.008757811190945751,0.008757811190945751,2,True
Backdoor,2,NUM_PKTS_128_TO_256_BYTES x ICMP_IPV4_TYPE,27-34,0.008250716902551632,0.008250716902551632,2,True
Backdoor,2,DST_TO_SRC_AVG_THROUGHPUT x NUM_PKTS_256_TO_512_BYTES,25-28,-0.008083326352446771,0.008083326352446771,2,True
Backdoor,2,MAX_TTL x NUM_PKTS_256_TO_512_BYTES,13-28,-0.007144840484876325,0.007144840484876325,2,True
Backdoor,2,RETRANSMITTED_OUT_BYTES x NUM_PKTS_512_TO_1024_BYTES,22-29,0.006403212220699889,0.006403212220699889,2,True
Backdoor,2,NUM_PKTS_128_TO_256_BYTES x NUM_PKTS_512_TO_1024_BYTES,27-29,-0.006206014635102536,0.006206014635102536,2,True
Backdoor,3,RETRANSMITTED_OUT_PKTS x NUM_PKTS_128_TO_256_BYTES x NUM_PKTS_128_TO_256_BYTES,23-27-27,0.0036955713149384502,0.0036955713149384502,3,True
Backdoor,3,RETRANSMITTED_IN_PKTS x RETRANSMITTED_OUT_PKTS x NUM_PKTS_128_TO_256_BYTES,21-23-27,-0.002142710972722465,0.002142710972722465,6,True
Backdoor,3,RETRANSMITTED_OUT_PKTS x NUM_PKTS_128_TO_256_BYTES x FTP_COMMAND_RET_CODE,23-27-38,0.0020594333592676337,0.0020594333592676337,6,True
Backdoor,3,PROTOCOL x L7_PROTO x ICMP_TYPE,0-1-33,-0.0020332532324272637,0.0020332532324272637,6,True
Backdoor,3,PROTOCOL x L7_PROTO x OUT_BYTES,0-1-4,-0.0019596569193870944,0.0019596569193870944,6,True
Backdoor,3,DURATION_OUT x RETRANSMITTED_OUT_PKTS x NUM_PKTS_128_TO_256_BYTES,11-23-27,-0.0017479207770242453,0.0017479207770242453,6,True
Backdoor,3,L7_PROTO x OUT_BYTES x ICMP_TYPE,1-4-33,-0.0017469014510012911,0.0017469014510012911,6,True
Backdoor,3,RETRANSMITTED_OUT_PKTS x NUM_PKTS_128_TO_256_BYTES x ICMP_TYPE,23-27-33,-0.0017433560970529557,0.0017433560970529557,6,True
Backdoor,4,RETRANSMITTED_OUT_PKTS x NUM_PKTS_128_TO_256_BYTES x NUM_PKTS_128_TO_256_BYTES x FTP_COMMAND_RET_CODE,23-27-27-38,0.002151079838707137,0.002151079838707137,12,True
Backdoor,4,DST_TO_SRC_SECOND_BYTES x RETRANSMITTED_OUT_PKTS x NUM_PKTS_128_TO_256_BYTES x NUM_PKTS_128_TO_256_BYTES,19-23-27-27,0.0016350564177694765,0.0016350564177694765,12,True
Backdoor,4,RETRANSMITTED_OUT_PKTS x NUM_PKTS_128_TO_256_BYTES x NUM_PKTS_128_TO_256_BYTES x DST_TO_SRC_IAT_MAX,23-27-27-44,-0.0011222914340683068,0.0011222914340683068,12,True
Backdoor,4,RETRANSMITTED_OUT_PKTS x NUM_PKTS_128_TO_256_BYTES x NUM_PKTS_512_TO_1024_BYTES x SRC_TO_DST_IAT_AVG,23-27-29-41,-0.0008996650006095302,0.0008996650006095302,24,True
Backdoor,4,SERVER_TCP_FLAGS x RETRANSMITTED_OUT_PKTS x NUM_PKTS_128_TO_256_BYTES x NUM_PKTS_128_TO_256_BYTES,8-23-27-27,0.0008698277846952693,0.0008698277846952693,12,True
Backdoor,4,IN_BYTES x RETRANSMITTED_OUT_PKTS x NUM_PKTS_128_TO_256_BYTES x NUM_PKTS_128_TO_256_BYTES,2-23-27-27,0.0008404729137268447,0.0008404729137268447,12,True
Backdoor,4,RETRANSMITTED_OUT_PKTS x NUM_PKTS_128_TO_256_BYTES x NUM_PKTS_128_TO_256_BYTES x TCP_WIN_MAX_IN,23-27-27-31,0.0007753305734635062,0.0007753305734635062,12,True
Backdoor,4,RETRANSMITTED_OUT_BYTES x NUM_PKTS_128_TO_256_BYTES x NUM_PKTS_512_TO_1024_BYTES x TCP_WIN_MAX_IN,22-27-29-31,0.0007215066596596073,0.0007215066596596073,24,True
Benign,1,MIN_TTL,12,-0.17481971175220676,0.17481971175220676,1,True
Benign,1,MAX_TTL,13,-0.15930715319540134,0.15930715319540134,1,True
Benign,1,TCP_WIN_MAX_IN,31,-0.1449088516380696,0.1449088516380696,1,True
Benign,1,DST_TO_SRC_IAT_AVG,45,-0.11807306779623761,0.11807306779623761,1,True
Benign,1,ICMP_TYPE,33,-0.1170633080672384,0.1170633080672384,1,True
Benign,1,SRC_TO_DST_AVG_THROUGHPUT,24,0.09996363255094959,0.09996363255094959,1,True
Benign,1,RETRANSMITTED_OUT_BYTES,22,0.09737388527109898,0.09737388527109898,1,True
Benign,1,ICMP_IPV4_TYPE,34,-0.09257878416462938,0.09257878416462938,1,True
Benign,2,MIN_TTL x MIN_TTL,12-12,-0.027366991409922083,0.027366991409922083,1,True
Benign,2,MIN_TTL x DST_TO_SRC_AVG_THROUGHPUT,12-25,-0.022561200877120425,0.022561200877120425,2,True
Benign,2,MIN_TTL x FTP_COMMAND_RET_CODE,12-38,-0.01865905006386811,0.01865905006386811,2,True
Benign,2,MIN_TTL x MAX_TTL,12-13,-0.017900188515729994,0.017900188515729994,2,True
Benign,2,MIN_TTL x TCP_WIN_MAX_OUT,12-32,-0.015936734026111645,0.015936734026111645,2,True
Benign,2,MIN_TTL x SRC_TO_DST_IAT_AVG,12-41,-0.014279000722308095,0.014279000722308095,2,True
Benign,2,SRC_TO_DST_SECOND_BYTES x FTP_COMMAND_RET_CODE,18-38,0.013275124193235665,0.013275124193235665,2,True
Benign,2,DST_TO_SRC_AVG_THROUGHPUT x NUM_PKTS_256_TO_512_BYTES,25-28,-0.012689272032523674,0.012689272032523674,2,True
Benign,3,PROTOCOL x L7_PROTO x SERVER_TCP_FLAGS,0-1-8,0.004448595837253327,0.004448595837253327,6,True
Benign,3,L7_PROTO x OUT_BYTES x DST_TO_SRC_IAT_MAX,1-4-44,-0.0040555052914674015,0.0040555052914674015,6,True
Benign,3,L7_PROTO x SERVER_TCP_FLAGS x TCP_WIN_MAX_OUT,1-8-32,0.003652526621415642,0.003652526621415642,6,True
Benign,3,PROTOCOL x L7_PROTO x TCP_WIN_MAX_OUT,0-1-32,0.003308722295364337,0.003308722295364337,6,True
Benign,3,L7_PROTO x ICMP_TYPE x DST_TO_SRC_IAT_MAX,1-33-44,-0.003223489223023788,0.003223489223023788,6,True
Benign,3,L7_PROTO x OUT_BYTES x ICMP_TYPE,1-4-33,-0.003142973571729935,0.003142973571729935,6,True
Benign,3,RETRANSMITTED_OUT_PKTS x NUM_PKTS_128_TO_256_BYTES x NUM_PKTS_128_TO_256_BYTES,23-27-27,0.0030366965840718553,0.0030366965840718553,3,True
Benign,3,L7_PROTO x CLIENT_TCP_FLAGS x DST_TO_SRC_IAT_MAX,1-7-44,0.002880848073415004,0.002880848073415004,6,True
Benign,4,RETRANSMITTED_OUT_PKTS x NUM_PKTS_128_TO_256_BYTES x ICMP_TYPE x FTP_COMMAND_RET_CODE,23-27-33-38,-0.001466065173378329,0.001466065173378329,24,True
Benign,4,DST_TO_SRC_SECOND_BYTES x RETRANSMITTED_OUT_PKTS x NUM_PKTS_128_TO_256_BYTES x ICMP_TYPE,19-23-27-33,-0.0012779556534710716,0.0012779556534710716,24,True
Benign,4,L7_PROTO x NUM_PKTS_128_TO_256_BYTES x ICMP_TYPE x DST_TO_SRC_IAT_STDDEV,1-27-33-46,0.0009440937319781194,0.0009440937319781194,24,True
Benign,4,DST_TO_SRC_SECOND_BYTES x RETRANSMITTED_OUT_PKTS x SRC_TO_DST_AVG_THROUGHPUT x NUM_PKTS_128_TO_256_BYTES,19-23-24-27,-0.000920110205451498,0.000920110205451498,24,True
Benign,4,L7_PROTO x NUM_PKTS_128_TO_256_BYTES x ICMP_TYPE x FTP_COMMAND_RET_CODE,1-27-33-38,-0.000895948613599784,0.000895948613599784,24,True
Benign,4,RETRANSMITTED_OUT_PKTS x SRC_TO_DST_AVG_THROUGHPUT x NUM_PKTS_128_TO_256_BYTES x FTP_COMMAND_RET_CODE,23-24-27-38,-0.0008941921767125824,0.0008941921767125824,24,True
Benign,4,L7_PROTO x L7_PROTO x NUM_PKTS_1024_TO_1514_BYTES x ICMP_TYPE,1-1-30-33,-0.000893979253600598,0.000893979253600598,12,True
Benign,4,L7_PROTO x L7_PROTO x SERVER_TCP_FLAGS x NUM_PKTS_1024_TO_1514_BYTES,1-1-8-30,-0.0008828777769436601,0.0008828777769436601,12,True
DoS,1,SRC_TO_DST_SECOND_BYTES,18,0.09999553947898908,0.09999553947898908,1,True
DoS,1,NUM_PKTS_256_TO_512_BYTES,28,-0.09579301174703143,0.09579301174703143,1,True
DoS,1,OUT_BYTES,4,0.06612860678633832,0.06612860678633832,1,True
DoS,1,TCP_FLAGS,6,0.06494794341855586,0.06494794341855586,1,True
DoS,1,TCP_WIN_MAX_OUT,32,-0.05776827215838745,0.05776827215838745,1,True
DoS,1,DST_TO_SRC_IAT_AVG,45,-0.05555141257221637,0.05555141257221637,1,True
DoS,1,NUM_PKTS_512_TO_1024_BYTES,29,0.05410179389897693,0.05410179389897693,1,True
DoS,1,MAX_TTL,13,-0.05316042654536166,0.05316042654536166,1,True
DoS,2,RETRANSMITTED_OUT_PKTS x NUM_PKTS_128_TO_256_BYTES,23-27,0.011769174952335813,0.011769174952335813,2,True
DoS,2,RETRANSMITTED_IN_PKTS x NUM_PKTS_128_TO_256_BYTES,21-27,0.009896998377212782,0.009896998377212782,2,True
DoS,2,DST_TO_SRC_AVG_THROUGHPUT x NUM_PKTS_256_TO_512_BYTES,25-28,-0.007815320714410075,0.007815320714410075,2,True
DoS,2,NUM_PKTS_128_TO_256_BYTES x NUM_PKTS_512_TO_1024_BYTES,27-29,0.007809646457344622,0.007809646457344622,2,True
DoS,2,SRC_TO_DST_SECOND_BYTES x FTP_COMMAND_RET_CODE,18-38,0.007686276321621406,0.007686276321621406,2,True
DoS,2,SRC_TO_DST_SECOND_BYTES x NUM_PKTS_256_TO_512_BYTES,18-28,-0.007472702691884443,0.007472702691884443,2,True
DoS,2,RETRANSMITTED_OUT_BYTES x NUM_PKTS_128_TO_256_BYTES,22-27,0.007418377713609192,0.007418377713609192,2,True
DoS,2,MAX_TTL x NUM_PKTS_256_TO_512_BYTES,13-28,-0.006823432231778284,0.006823432231778284,2,True
DoS,3,SRC_TO_DST_SECOND_BYTES x NUM_PKTS_1024_TO_1514_BYTES x FTP_COMMAND_RET_CODE,18-30-38,0.0025924196284811277,0.0025924196284811277,6,True
DoS,3,NUM_PKTS_512_TO_1024_BYTES x NUM_PKTS_1024_TO_1514_BYTES x SRC_TO_DST_IAT_AVG,29-30-41,-0.002496037924448879,0.002496037924448879,6,True
DoS,3,L7_PROTO x OUT_BYTES x SRC_TO_DST_IAT_STDDEV,1-4-42,-0.002495216573719356,0.002495216573719356,6,True
DoS,3,L7_PROTO x ICMP_TYPE x SRC_TO_DST_IAT_STDDEV,1-33-42,-0.0022325178519862167,0.0022325178519862167,6,True
DoS,3,L7_PROTO x SERVER_TCP_FLAGS x SRC_TO_DST_IAT_STDDEV,1-8-42,-0.0020880620832589383,0.0020880620832589383,6,True
DoS,3,L7_PROTO x NUM_PKTS_1024_TO_1514_BYTES x SRC_TO_DST_IAT_STDDEV,1-30-42,0.0020598753961976277,0.0020598753961976277,6,True
DoS,3,L7_PROTO x SRC_TO_DST_IAT_STDDEV x DST_TO_SRC_IAT_MAX,1-42-44,-0.0019928481758854245,0.0019928481758854245,6,True
DoS,3,L7_PROTO x TCP_WIN_MAX_OUT x SRC_TO_DST_IAT_STDDEV,1-32-42,-0.0019170317769537555,0.0019170317769537555,6,True
DoS,4,L7_PROTO x NUM_PKTS_128_TO_256_BYTES x NUM_PKTS_512_TO_1024_BYTES x FTP_COMMAND_RET_CODE,1-27-29-38,-0.000486516728250639,0.000486516728250639,24,True
DoS,4,RETRANSMITTED_OUT_PKTS x NUM_PKTS_128_TO_256_BYTES x NUM_PKTS_128_TO_256_BYTES x FTP_COMMAND_RET_CODE,23-27-27-38,0.0004641288817025241,0.0004641288817025241,12,True
DoS,4,SHORTEST_FLOW_PKT x RETRANSMITTED_OUT_PKTS x NUM_PKTS_128_TO_256_BYTES x FTP_COMMAND_RET_CODE,15-23-27-38,0.00039199606159810176,0.00039199606159810176,24,True
DoS,4,L7_PROTO x RETRANSMITTED_OUT_PKTS x NUM_PKTS_512_TO_1024_BYTES x SRC_TO_DST_IAT_AVG,1-23-29-41,-0.00038344622475976176,0.00038344622475976176,24,True
DoS,4,L7_PROTO x L7_PROTO x CLIENT_TCP_FLAGS x NUM_PKTS_1024_TO_1514_BYTES,1-1-7-30,0.0003521106106660844,0.0003521106106660844,12,True
DoS,4,L7_PROTO x NUM_PKTS_256_TO_512_BYTES x NUM_PKTS_1024_TO_1514_BYTES x DST_TO_SRC_IAT_MAX,1-28-30-44,0.0003514113624045284,0.0003514113624045284,24,True
DoS,4,L7_PROTO x L7_PROTO x NUM_PKTS_1024_TO_1514_BYTES x DST_TO_SRC_IAT_MAX,1-1-30-44,0.00034797269279710587,0.00034797269279710587,12,True
DoS,4,DST_TO_SRC_SECOND_BYTES x RETRANSMITTED_OUT_PKTS x NUM_PKTS_128_TO_256_BYTES x NUM_PKTS_128_TO_256_BYTES,19-23-27-27,0.00032704134233386864,0.00032704134233386864,12,True
Exploits,1,NUM_PKTS_256_TO_512_BYTES,28,-0.12975176456319798,0.12975176456319798,1,True
Exploits,1,RETRANSMITTED_OUT_PKTS,23,0.10334435174444104,0.10334435174444104,1,True
Exploits,1,RETRANSMITTED_OUT_BYTES,22,0.0975830106268852,0.0975830106268852,1,True
Exploits,1,FTP_COMMAND_RET_CODE,38,0.09683854933402795,0.09683854933402795,1,True
Exploits,1,NUM_PKTS_128_TO_256_BYTES,27,0.0673540801820197,0.0673540801820197,1,True
Exploits,1,NUM_PKTS_UP_TO_128_BYTES,26,0.06641538264031083,0.06641538264031083,1,True
Exploits,1,MAX_TTL,13,-0.06073107362352866,0.06073107362352866,1,True
Exploits,1,MIN_TTL,12,0.05899865705659597,0.05899865705659597,1,True
Exploits,2,L7_PROTO x RETRANSMITTED_OUT_PKTS,1-23,0.010910090735115327,0.010910090735115327,2,True
Exploits,2,NUM_PKTS_512_TO_1024_BYTES x NUM_PKTS_1024_TO_1514_BYTES,29-30,-0.007920566516171654,0.007920566516171654,2,True
Exploits,2,NUM_PKTS_512_TO_1024_BYTES x SRC_TO_DST_IAT_AVG,29-41,0.00735435538992902,0.00735435538992902,2,True
Exploits,2,DST_TO_SRC_IAT_MAX x DST_TO_SRC_IAT_STDDEV,44-46,0.007232072380325251,0.007232072380325251,2,True
Exploits,2,RETRANSMITTED_OUT_PKTS x NUM_PKTS_1024_TO_1514_BYTES,23-30,-0.007196634734186537,0.007196634734186537,2,True
Exploits,2,SRC_TO_DST_IAT_STDDEV x DST_TO_SRC_IAT_STDDEV,42-46,-0.006534900340528117,0.006534900340528117,2,True
Exploits,2,SRC_TO_DST_IAT_MAX x DST_TO_SRC_IAT_STDDEV,40-46,-0.005906595481689648,0.005906595481689648,2,True
Exploits,2,L7_PROTO x OUT_BYTES,1-4,0.005773732214752626,0.005773732214752626,2,True
Exploits,3,RETRANSMITTED_OUT_PKTS x NUM_PKTS_128_TO_256_BYTES x NUM_PKTS_128_TO_256_BYTES,23-27-27,0.0031599283451717946,0.0031599283451717946,3,True
Exploits,3,L7_PROTO x NUM_PKTS_512_TO_1024_BYTES x SRC_TO_DST_IAT_STDDEV,1-29-42,0.002290192719897634,0.002290192719897634,6,True
Exploits,3,L7_PROTO x NUM_PKTS_512_TO_1024_BYTES x SRC_TO_DST_IAT_AVG,1-29-41,0.0020812781636629306,0.0020812781636629306,6,True
Exploits,3,SHORTEST_FLOW_PKT x RETRANSMITTED_OUT_PKTS x NUM_PKTS_128_TO_256_BYTES,15-23-27,-0.0019582684130648657,0.0019582684130648657,6,True
Exploits,3,L7_PROTO x TCP_WIN_MAX_OUT x SRC_TO_DST_IAT_STDDEV,1-32-42,-0.0018760355439872186,0.0018760355439872186,6,True
Exploits,3,L7_PROTO x SERVER_TCP_FLAGS x RETRANSMITTED_OUT_PKTS,1-8-23,0.001868258106396687,0.001868258106396687,6,True
Exploits,3,L7_PROTO x OUT_BYTES x RETRANSMITTED_OUT_PKTS,1-4-23,0.0018512375253707174,0.0018512375253707174,6,True
Exploits,3,RETRANSMITTED_OUT_PKTS x NUM_PKTS_128_TO_256_BYTES x FTP_COMMAND_RET_CODE,23-27-38,0.0018181088898875338,0.0018181088898875338,6,True
Exploits,4,RETRANSMITTED_OUT_PKTS x NUM_PKTS_128_TO_256_BYTES x NUM_PKTS_1024_TO_1514_BYTES x FTP_COMMAND_RET_CODE,23-27-30-38,-0.0008667081524721373,0.0008667081524721373,24,True
Exploits,4,RETRANSMITTED_OUT_PKTS x NUM_PKTS_128_TO_256_BYTES x NUM_PKTS_128_TO_256_BYTES x FTP_COMMAND_RET_CODE,23-27-27-38,0.0006759873752681539,0.0006759873752681539,12,True
Exploits,4,SHORTEST_FLOW_PKT x RETRANSMITTED_OUT_PKTS x NUM_PKTS_128_TO_256_BYTES x FTP_COMMAND_RET_CODE,15-23-27-38,0.0006598936974401601,0.0006598936974401601,24,True
Exploits,4,DST_TO_SRC_SECOND_BYTES x RETRANSMITTED_OUT_PKTS x NUM_PKTS_128_TO_256_BYTES x NUM_PKTS_128_TO_256_BYTES,19-23-27-27,0.0006035979630077218,0.0006035979630077218,12,True
Exploits,4,RETRANSMITTED_OUT_PKTS x NUM_PKTS_512_TO_1024_BYTES x NUM_PKTS_1024_TO_1514_BYTES x SRC_TO_DST_IAT_AVG,23-29-30-41,0.0005075303135649968,0.0005075303135649968,24,True
Exploits,4,DST_TO_SRC_SECOND_BYTES x RETRANSMITTED_OUT_PKTS x NUM_PKTS_128_TO_256_BYTES x NUM_PKTS_1024_TO_1514_BYTES,19-23-27-30,-0.0005042614112089473,0.0005042614112089473,24,True
Exploits,4,RETRANSMITTED_OUT_PKTS x DST_TO_SRC_AVG_THROUGHPUT x NUM_PKTS_128_TO_256_BYTES x FTP_COMMAND_RET_CODE,23-25-27-38,0.0004752670438113453,0.0004752670438113453,24,True
Exploits,4,RETRANSMITTED_OUT_BYTES x NUM_PKTS_128_TO_256_BYTES x FTP_COMMAND_RET_CODE x DST_TO_SRC_IAT_STDDEV,22-27-38-46,-0.00045799110004755405,0.00045799110004755405,24,True
Fuzzers,1,SRC_TO_DST_SECOND_BYTES,18,-0.10642388761347178,0.10642388761347178,1,True
Fuzzers,1,ICMP_IPV4_TYPE,34,0.09816407824184509,0.09816407824184509,1,True
Fuzzers,1,LONGEST_FLOW_PKT,14,-0.08762851287662446,0.08762851287662446,1,True
Fuzzers,1,NUM_PKTS_UP_TO_128_BYTES,26,0.07974725191345433,0.07974725191345433,1,True
Fuzzers,1,TCP_FLAGS,6,-0.07765188363434676,0.07765188363434676,1,True
Fuzzers,1,MIN_TTL,12,0.0764898851653932,0.0764898851653932,1,True
Fuzzers,1,CLIENT_TCP_FLAGS,7,-0.07581711634949687,0.07581711634949687,1,True
Fuzzers,1,MAX_TTL,13,0.06303669107679728,0.06303669107679728,1,True
Fuzzers,2,SRC_TO_DST_SECOND_BYTES x FTP_COMMAND_RET_CODE,18-38,-0.013882635734693673,0.013882635734693673,2,True
Fuzzers,2,RETRANSMITTED_OUT_PKTS x NUM_PKTS_128_TO_256_BYTES,23-27,-0.013361246354497864,0.013361246354497864,2,True
Fuzzers,2,RETRANSMITTED_OUT_BYTES x NUM_PKTS_128_TO_256_BYTES,22-27,-0.013213296690097341,0.013213296690097341,2,True
Fuzzers,2,MAX_TTL x NUM_PKTS_256_TO_512_BYTES,13-28,-0.011685294440181074,0.011685294440181074,2,True
Fuzzers,2,RETRANSMITTED_IN_PKTS x NUM_PKTS_256_TO_512_BYTES,21-28,0.010030843875032691,0.010030843875032691,2,True
Fuzzers,2,RETRANSMITTED_OUT_BYTES x NUM_PKTS_512_TO_1024_BYTES,22-29,0.009831802087976288,0.009831802087976288,2,True
Fuzzers,2,LONGEST_FLOW_PKT x SRC_TO_DST_SECOND_BYTES,14-18,-0.009530077457391508,0.009530077457391508,2,True
Fuzzers,2,SRC_TO_DST_SECOND_BYTES x NUM_PKTS_1024_TO_1514_BYTES,18-30,0.009328683054770887,0.009328683054770887,2,True
Fuzzers,3,L7_PROTO x RETRANSMITTED_OUT_PKTS x ICMP_TYPE,1-23-33,-0.005328242464023075,0.005328242464023075,6,True
Fuzzers,3,L7_PROTO x OUT_BYTES x RETRANSMITTED_OUT_PKTS,1-4-23,-0.005124335566825403,0.005124335566825403,6,True
Fuzzers,3,L7_PROTO x SERVER_TCP_FLAGS x RETRANSMITTED_OUT_PKTS,1-8-23,-0.0050191416046871514,0.0050191416046871514,6,True
Fuzzers,3,L7_PROTO x RETRANSMITTED_OUT_PKTS x NUM_PKTS_128_TO_256_BYTES,1-23-27,-0.00430379401780915,0.00430379401780915,6,True
Fuzzers,3,PROTOCOL x L7_PROTO x RETRANSMITTED_OUT_PKTS,0-1-23,-0.004196445513392188,0.004196445513392188,6,True
Fuzzers,3,L7_PROTO x RETRANSMITTED_OUT_PKTS x DST_TO_SRC_IAT_MAX,1-23-44,-0.004124851769570457,0.004124851769570457,6,True
Fuzzers,3,L7_PROTO x RETRANSMITTED_OUT_PKTS x DST_TO_SRC_IAT_STDDEV,1-23-46,0.003897385208235671,0.003897385208235671,6,True
Fuzzers,3,PROTOCOL x L7_PROTO x SERVER_TCP_FLAGS,0-1-8,0.0035766873277607554,0.0035766873277607554,6,True
Fuzzers,4,RETRANSMITTED_OUT_PKTS x NUM_PKTS_128_TO_256_BYTES x NUM_PKTS_128_TO_256_BYTES x FTP_COMMAND_RET_CODE,23-27-27-38,-0.004283180401098199,0.004283180401098199,12,True
Fuzzers,4,DST_TO_SRC_SECOND_BYTES x RETRANSMITTED_OUT_PKTS x NUM_PKTS_128_TO_256_BYTES x NUM_PKTS_128_TO_256_BYTES,19-23-27-27,-0.0034828677890716086,0.0034828677890716086,12,True
Fuzzers,4,RETRANSMITTED_OUT_PKTS x NUM_PKTS_128_TO_256_BYTES x NUM_PKTS_128_TO_256_BYTES x DST_TO_SRC_IAT_MAX,23-27-27-44,0.0022231957821558235,0.0022231957821558235,12,True
Fuzzers,4,SERVER_TCP_FLAGS x RETRANSMITTED_OUT_PKTS x NUM_PKTS_128_TO_256_BYTES x NUM_PKTS_128_TO_256_BYTES,8-23-27-27,-0.0018055670961612666,0.0018055670961612666,12,True
Fuzzers,4,IN_BYTES x RETRANSMITTED_OUT_PKTS x NUM_PKTS_128_TO_256_BYTES x NUM_PKTS_128_TO_256_BYTES,2-23-27-27,-0.0017488804143775318,0.0017488804143775318,12,True
Fuzzers,4,L7_PROTO x L7_PROTO x RETRANSMITTED_OUT_PKTS x NUM_PKTS_1024_TO_1514_BYTES,1-1-23-30,0.0016104248000104787,0.0016104248000104787,12,True
Fuzzers,4,RETRANSMITTED_OUT_PKTS x NUM_PKTS_128_TO_256_BYTES x NUM_PKTS_512_TO_1024_BYTES x SRC_TO_DST_IAT_AVG,23-27-29-41,0.001556950232138765,0.001556950232138765,24,True
Fuzzers,4,DURATION_OUT x RETRANSMITTED_OUT_PKTS x NUM_PKTS_128_TO_256_BYTES x NUM_PKTS_128_TO_256_BYTES,11-23-27-27,-0.001513978486093112,0.001513978486093112,12,True
Generic,1,RETRANSMITTED_IN_PKTS,21,-0.10611617543940478,0.10611617543940478,1,True
Generic,1,SRC_TO_DST_IAT_AVG,41,0.08407116392215407,0.08407116392215407,1,True
Generic,1,NUM_PKTS_UP_TO_128_BYTES,26,-0.07234567706634859,0.07234567706634859,1,True
Generic,1,SRC_TO_DST_IAT_MAX,40,0.06974849117915968,0.06974849117915968,1,True
Generic,1,DST_TO_SRC_IAT_MAX,44,-0.06858784842761072,0.06858784842761072,1,True
Generic,1,IN_BYTES,2,0.06263830638210521,0.06263830638210521,1,True
Generic,1,ICMP_IPV4_TYPE,34,0.06010191966360877,0.06010191966360877,1,True
Generic,1,TCP_WIN_MAX_OUT,32,-0.0589464322058746,0.0589464322058746,1,True
Generic,2,NUM_PKTS_512_TO_1024_BYTES x NUM_PKTS_1024_TO_1514_BYTES,29-30,-0.010045290049765817,0.010045290049765817,2,True
Generic,2,L7_PROTO x DST_TO_SRC_IAT_MAX,1-44,-0.00611186607543449,0.00611186607543449,2,True
Generic,2,SRC_TO_DST_SECOND_BYTES x NUM_PKTS_1024_TO_1514_BYTES,18-30,-0.005948450564647248,0.005948450564647248,2,True
Generic,2,NUM_PKTS_512_TO_1024_BYTES x SRC_TO_DST_IAT_AVG,29-41,0.00552632607122941,0.00552632607122941,2,True
Generic,2,MIN_IP_PKT_LEN x SRC_TO_DST_SECOND_BYTES,16-18,0.005472434443107271,0.005472434443107271,2,True
Generic,2,MIN_IP_PKT_LEN x DNS_QUERY_ID,16-35,-0.005234300450771398,0.005234300450771398,2,True
Generic,2,SRC_TO_DST_SECOND_BYTES x FTP_COMMAND_RET_CODE,18-38,0.005128575961249156,0.005128575961249156,2,True
Generic,2,RETRANSMITTED_OUT_BYTES x NUM_PKTS_512_TO_1024_BYTES,22-29,0.00512788645250929,0.00512788645250929,2,True
Generic,3,L7_PROTO x NUM_PKTS_512_TO_1024_BYTES x SRC_TO_DST_IAT_AVG,1-29-41,0.0031304304297026715,0.0031304304297026715,6,True
Generic,3,L7_PROTO x NUM_PKTS_512_TO_1024_BYTES x SRC_TO_DST_IAT_STDDEV,1-29-42,0.003123976708726217,0.003123976708726217,6,True
Generic,3,L7_PROTO x FLOW_DURATION_MILLISECONDS x NUM_PKTS_512_TO_1024_BYTES,1-9-29,0.002772202093188196,0.002772202093188196,6,True
Generic,3,L7_PROTO x OUT_BYTES x ICMP_TYPE,1-4-33,-0.002636083274032081,0.002636083274032081,6,True
Generic,3,L7_PROTO x L7_PROTO x OUT_BYTES,1-1-4,-0.0026229648202694502,0.0026229648202694502,3,True
Generic,3,L7_PROTO x NUM_PKTS_128_TO_256_BYTES x NUM_PKTS_512_TO_1024_BYTES,1-27-29,0.002325566008628697,0.002325566008628697,6,True
Generic,3,L7_PROTO x OUT_BYTES x DURATION_OUT,1-4-11,0.0022765963984122035,0.0022765963984122035,6,True
Generic,3,L7_PROTO x L7_PROTO x NUM_PKTS_1024_TO_1514_BYTES,1-1-30,0.0022326292004400264,0.0022326292004400264,3,True
Generic,4,RETRANSMITTED_OUT_PKTS x NUM_PKTS_128_TO_256_BYTES x NUM_PKTS_128_TO_256_BYTES x FTP_COMMAND_RET_CODE,23-27-27-38,0.003159454361139919,0.003159454361139919,12,True
Generic,4,DST_TO_SRC_SECOND_BYTES x RETRANSMITTED_OUT_PKTS x NUM_PKTS_128_TO_256_BYTES x NUM_PKTS_128_TO_256_BYTES,19-23-27-27,0.0027783314661784745,0.0027783314661784745,12,True
Generic,4,RETRANSMITTED_OUT_PKTS x NUM_PKTS_128_TO_256_BYTES x NUM_PKTS_128_TO_256_BYTES x DST_TO_SRC_IAT_MAX,23-27-27-44,-0.0016675628291616042,0.0016675628291616042,12,True
Generic,4,SERVER_TCP_FLAGS x RETRANSMITTED_OUT_PKTS x NUM_PKTS_128_TO_256_BYTES x NUM_PKTS_128_TO_256_BYTES,8-23-27-27,0.001326361890296222,0.001326361890296222,12,True
Generic,4,IN_BYTES x RETRANSMITTED_OUT_PKTS x NUM_PKTS_128_TO_256_BYTES x NUM_PKTS_128_TO_256_BYTES,2-23-27-27,0.0012802197235956257,0.0012802197235956257,12,True
Generic,4,RETRANSMITTED_OUT_PKTS x NUM_PKTS_128_TO_256_BYTES x NUM_PKTS_1024_TO_1514_BYTES x FTP_COMMAND_RET_CODE,23-27-30-38,-0.0011890631305564393,0.0011890631305564393,24,True
Generic,4,RETRANSMITTED_OUT_PKTS x NUM_PKTS_128_TO_256_BYTES x NUM_PKTS_512_TO_1024_BYTES x SRC_TO_DST_IAT_AVG,23-27-29-41,-0.0011887477953158947,0.0011887477953158947,24,True
Generic,4,RETRANSMITTED_OUT_PKTS x NUM_PKTS_128_TO_256_BYTES x NUM_PKTS_128_TO_256_BYTES x TCP_WIN_MAX_IN,23-27-27-31,0.0011118653020193566,0.0011118653020193566,12,True
Reconnaissance,1,SRC_TO_DST_IAT_MAX,40,0.14070550928644343,0.14070550928644343,1,True
Reconnaissance,1,DST_TO_SRC_IAT_MAX,44,-0.12106187762948256,0.12106187762948256,1,True
Reconnaissance,1,RETRANSMITTED_OUT_PKTS,23,-0.11701841479353393,0.11701841479353393,1,True
Reconnaissance,1,OUT_PKTS,5,0.08089086495164044,0.08089086495164044,1,True
Reconnaissance,1,RETRANSMITTED_OUT_BYTES,22,-0.07867568811996715,0.07867568811996715,1,True
Reconnaissance,1,PROTOCOL,0,-0.07471437105570423,0.07471437105570423,1,True
Reconnaissance,1,DST_TO_SRC_IAT_STDDEV,46,-0.07359245544212045,0.07359245544212045,1,True
Reconnaissance,1,DST_TO_SRC_SECOND_BYTES,19,0.0718939080257865,0.0718939080257865,1,True
Reconnaissance,2,RETRANSMITTED_OUT_PKTS x NUM_PKTS_128_TO_256_BYTES,23-27,-0.019544314924371052,0.019544314924371052,2,True
Reconnaissance,2,L7_PROTO x RETRANSMITTED_OUT_PKTS,1-23,-0.017263511916147112,0.017263511916147112,2,True
Reconnaissance,2,NUM_PKTS_512_TO_1024_BYTES x NUM_PKTS_1024_TO_1514_BYTES,29-30,0.014661400234169855,0.014661400234169855,2,True
Reconnaissance,2,DST_TO_SRC_IAT_MAX x DST_TO_SRC_IAT_STDDEV,44-46,-0.012442035188932225,0.012442035188932225,2,True
Reconnaissance,2,MIN_TTL x MAX_TTL,12-13,-0.010075542732598,0.010075542732598,2,True
Reconnaissance,2,L7_PROTO x MAX_TTL,1-13,0.009925109534736654,0.009925109534736654,2,True
Reconnaissance,2,RETRANSMITTED_OUT_PKTS x NUM_PKTS_1024_TO_1514_BYTES,23-30,0.009684531516231014,0.009684531516231014,2,True
Reconnaissance,2,NUM_PKTS_128_TO_256_BYTES x TCP_WIN_MAX_OUT,27-32,0.009628896076499395,0.009628896076499395,2,True
Reconnaissance,3,L7_PROTO x OUT_BYTES x SERVER_TCP_FLAGS,1-4-8,0.003434437599958635,0.003434437599958635,6,True
Reconnaissance,3,RETRANSMITTED_OUT_PKTS x NUM_PKTS_128_TO_256_BYTES x NUM_PKTS_128_TO_256_BYTES,23-27-27,0.003273349631356591,0.003273349631356591,3,True
Reconnaissance,3,L7_PROTO x OUT_BYTES x ICMP_TYPE,1-4-33,0.0031877270794716207,0.0031877270794716207,6,True
Reconnaissance,3,NUM_PKTS_512_TO_1024_BYTES x NUM_PKTS_1024_TO_1514_BYTES x SRC_TO_DST_IAT_AVG,29-30-41,-0.0031098210552055975,0.0031098210552055975,6,True
Reconnaissance,3,L7_PROTO x OUT_BYTES x OUT_BYTES,1-4-4,0.002712879649613335,0.002712879649613335,3,True
Reconnaissance,3,L7_PROTO x OUT_BYTES x DST_TO_SRC_IAT_MAX,1-4-44,0.002588152790779079,0.002588152790779079,6,True
Reconnaissance,3,L7_PROTO x OUT_BYTES x TCP_WIN_MAX_OUT,1-4-32,0.0023962050508611475,0.0023962050508611475,6,True
Reconnaissance,3,RETRANSMITTED_OUT_PKTS x NUM_PKTS_128_TO_256_BYTES x FTP_COMMAND_RET_CODE,23-27-38,0.0023047658263415736,0.0023047658263415736,6,True
Reconnaissance,4,RETRANSMITTED_OUT_PKTS x NUM_PKTS_128_TO_256_BYTES x NUM_PKTS_128_TO_256_BYTES x FTP_COMMAND_RET_CODE,23-27-27-38,-0.0025670322142721746,0.0025670322142721746,12,True
Reconnaissance,4,DST_TO_SRC_SECOND_BYTES x RETRANSMITTED_OUT_PKTS x NUM_PKTS_128_TO_256_BYTES x NUM_PKTS_128_TO_256_BYTES,19-23-27-27,-0.002081393162388466,0.002081393162388466,12,True
Reconnaissance,4,RETRANSMITTED_OUT_PKTS x NUM_PKTS_128_TO_256_BYTES x NUM_PKTS_128_TO_256_BYTES x DST_TO_SRC_IAT_MAX,23-27-27-44,0.0013487106409107124,0.0013487106409107124,12,True
Reconnaissance,4,SERVER_TCP_FLAGS x RETRANSMITTED_OUT_PKTS x NUM_PKTS_128_TO_256_BYTES x NUM_PKTS_128_TO_256_BYTES,8-23-27-27,-0.001076031463996619,0.001076031463996619,12,True
Reconnaissance,4,RETRANSMITTED_OUT_PKTS x NUM_PKTS_128_TO_256_BYTES x NUM_PKTS_512_TO_1024_BYTES x SRC_TO_DST_IAT_AVG,23-27-29-41,0.001066410219375603,0.001066410219375603,24,True
Reconnaissance,4,IN_BYTES x RETRANSMITTED_OUT_PKTS x NUM_PKTS_128_TO_256_BYTES x NUM_PKTS_128_TO_256_BYTES,2-23-27-27,-0.0009767387388320684,0.0009767387388320684,12,True
Reconnaissance,4,RETRANSMITTED_OUT_PKTS x NUM_PKTS_128_TO_256_BYTES x NUM_PKTS_128_TO_256_BYTES x TCP_WIN_MAX_IN,23-27-27-31,-0.0009503746102499531,0.0009503746102499531,12,True
Reconnaissance,4,RETRANSMITTED_OUT_PKTS x NUM_PKTS_128_TO_256_BYTES x NUM_PKTS_1024_TO_1514_BYTES x FTP_COMMAND_RET_CODE,23-27-30-38,0.0009426489976660511,0.0009426489976660511,24,True
Shellcode,1,RETRANSMITTED_OUT_BYTES,22,-0.1963009707820509,0.1963009707820509,1,True
Shellcode,1,RETRANSMITTED_OUT_PKTS,23,-0.16169685485839908,0.16169685485839908,1,True
Shellcode,1,RETRANSMITTED_IN_PKTS,21,0.10012198985761146,0.10012198985761146,1,True
Shellcode,1,ICMP_IPV4_TYPE,34,0.0911703305422318,0.0911703305422318,1,True
Shellcode,1,OUT_PKTS,5,-0.08071796935965307,0.08071796935965307,1,True
Shellcode,1,NUM_PKTS_512_TO_1024_BYTES,29,-0.0779200956736828,0.0779200956736828,1,True
Shellcode,1,IN_PKTS,3,0.07489069756410582,0.07489069756410582,1,True
Shellcode,1,NUM_PKTS_1024_TO_1514_BYTES,30,-0.06977637257788818,0.06977637257788818,1,True
Shellcode,2,L7_PROTO x ICMP_TYPE,1-33,-0.011509489999408958,0.011509489999408958,2,True
Shellcode,2,DST_TO_SRC_SECOND_BYTES x NUM_PKTS_256_TO_512_BYTES,19-28,0.011504293648516553,0.011504293648516553,2,True
Shellcode,2,L7_PROTO x OUT_BYTES,1-4,-0.010635161264562612,0.010635161264562612,2,True
Shellcode,2,NUM_PKTS_512_TO_1024_BYTES x NUM_PKTS_1024_TO_1514_BYTES,29-30,0.010483608393247608,0.010483608393247608,2,True
Shellcode,2,L7_PROTO x SERVER_TCP_FLAGS,1-8,-0.010457108833292001,0.010457108833292001,2,True
Shellcode,2,RETRANSMITTED_OUT_PKTS x NUM_PKTS_128_TO_256_BYTES,23-27,-0.010268729384809612,0.010268729384809612,2,True
Shellcode,2,SRC_TO_DST_SECOND_BYTES x FTP_COMMAND_RET_CODE,18-38,-0.009843076030320547,0.009843076030320547,2,True
Shellcode,2,TCP_FLAGS x ICMP_TYPE,6-33,0.009647641157752823,0.009647641157752823,2,True
Shellcode,3,L7_PROTO x RETRANSMITTED_OUT_PKTS x ICMP_TYPE,1-23-33,-0.008107064733519707,0.008107064733519707,6,True
Shellcode,3,L7_PROTO x OUT_BYTES x RETRANSMITTED_OUT_PKTS,1-4-23,-0.007740136021716761,0.007740136021716761,6,True
Shellcode,3,L7_PROTO x RETRANSMITTED_OUT_PKTS x NUM_PKTS_128_TO_256_BYTES,1-23-27,-0.007670444768027091,0.007670444768027091,6,True
Shellcode,3,L7_PROTO x SERVER_TCP_FLAGS x RETRANSMITTED_OUT_PKTS,1-8-23,-0.007332038092096497,0.007332038092096497,6,True
Shellcode,3,PROTOCOL x L7_PROTO x RETRANSMITTED_OUT_PKTS,0-1-23,-0.00653448504433255,0.00653448504433255,6,True
Shellcode,3,L7_PROTO x RETRANSMITTED_OUT_PKTS x DST_TO_SRC_IAT_MAX,1-23-44,-0.006378040656290787,0.006378040656290787,6,True
Shellcode,3,L7_PROTO x RETRANSMITTED_OUT_PKTS x DST_TO_SRC_IAT_STDDEV,1-23-46,0.006211136087526517,0.006211136087526517,6,True
Shellcode,3,L7_PROTO x RETRANSMITTED_OUT_PKTS x TCP_WIN_MAX_OUT,1-23-32,-0.005883587699809148,0.005883587699809148,6,True
Shellcode,4,RETRANSMITTED_OUT_PKTS x NUM_PKTS_128_TO_256_BYTES x NUM_PKTS_128_TO_256_BYTES x FTP_COMMAND_RET_CODE,23-27-27-38,-0.001875977970879176,0.001875977970879176,12,True
Shellcode,4,DST_TO_SRC_SECOND_BYTES x RETRANSMITTED_OUT_PKTS x NUM_PKTS_128_TO_256_BYTES x NUM_PKTS_128_TO_256_BYTES,19-23-27-27,-0.0017655707484521238,0.0017655707484521238,12,True
Shellcode,4,L7_PROTO x SRC_TO_DST_SECOND_BYTES x NUM_PKTS_128_TO_256_BYTES x NUM_PKTS_1024_TO_1514_BYTES,1-18-27-30,0.0014082058110917184,0.0014082058110917184,24,True
Shellcode,4,L7_PROTO x NUM_PKTS_128_TO_256_BYTES x NUM_PKTS_512_TO_1024_BYTES x FTP_COMMAND_RET_CODE,1-27-29-38,0.0013018250947205924,0.0013018250947205924,24,True
Shellcode,4,MIN_IP_PKT_LEN x SRC_TO_DST_SECOND_BYTES x NUM_PKTS_512_TO_1024_BYTES x FTP_COMMAND_RET_CODE,16-18-29-38,0.0012275371509164917,0.0012275371509164917,24,True
Shellcode,4,L7_PROTO x DST_TO_SRC_SECOND_BYTES x NUM_PKTS_128_TO_256_BYTES x NUM_PKTS_512_TO_1024_BYTES,1-19-27-29,0.0011753684268967426,0.0011753684268967426,24,True
Shellcode,4,SRC_TO_DST_SECOND_BYTES x NUM_PKTS_256_TO_512_BYTES x ICMP_IPV4_TYPE x FTP_COMMAND_RET_CODE,18-28-34-38,-0.0011351079556846378,0.0011351079556846378,24,True
Shellcode,4,SRC_TO_DST_SECOND_BYTES x NUM_PKTS_128_TO_256_BYTES x NUM_PKTS_1024_TO_1514_BYTES x FTP_COMMAND_RET_CODE,18-27-30-38,-0.001107708611688576,0.001107708611688576,24,True
Worms,1,NUM_PKTS_512_TO_1024_BYTES,29,-0.17350826922391357,0.17350826922391357,1,True
Worms,1,NUM_PKTS_128_TO_256_BYTES,27,-0.10625983391525906,0.10625983391525906,1,True
Worms,1,RETRANSMITTED_IN_PKTS,21,-0.08968136038748559,0.08968136038748559,1,True
Worms,1,SRC_TO_DST_IAT_MAX,40,-0.08002883085070925,0.08002883085070925,1,True
Worms,1,L7_PROTO,1,-0.07583597152445273,0.07583597152445273,1,True
Worms,1,DST_TO_SRC_SECOND_BYTES,19,0.06913680100001726,0.06913680100001726,1,True
Worms,1,SERVER_TCP_FLAGS,8,-0.06248801797245221,0.06248801797245221,1,True
Worms,1,DST_TO_SRC_IAT_AVG,45,0.06101136819692662,0.06101136819692662,1,True
Worms,2,RETRANSMITTED_OUT_PKTS x NUM_PKTS_128_TO_256_BYTES,23-27,0.022199967353461043,0.022199967353461043,2,True
Worms,2,RETRANSMITTED_OUT_BYTES x NUM_PKTS_128_TO_256_BYTES,22-27,0.0154563680931525,0.0154563680931525,2,True
Worms,2,RETRANSMITTED_OUT_BYTES x NUM_PKTS_512_TO_1024_BYTES,22-29,-0.013867889341234615,0.013867889341234615,2,True
Worms,2,NUM_PKTS_128_TO_256_BYTES x ICMP_IPV4_TYPE,27-34,-0.012767370304951,0.012767370304951,2,True
Worms,2,SRC_TO_DST_SECOND_BYTES x NUM_PKTS_128_TO_256_BYTES,18-27,0.01103745767900734,0.01103745767900734,2,True
Worms,2,NUM_PKTS_128_TO_256_BYTES x TCP_WIN_MAX_OUT,27-32,-0.01034797424381598,0.01034797424381598,2,True
Worms,2,NUM_PKTS_128_TO_256_BYTES x NUM_PKTS_512_TO_1024_BYTES,27-29,0.0103267336842056,0.0103267336842056,2,True
Worms,2,SERVER_TCP_FLAGS x NUM_PKTS_128_TO_256_BYTES,8-27,-0.009625225336219517,0.009625225336219517,2,True
Worms,3,RETRANSMITTED_OUT_PKTS x NUM_PKTS_128_TO_256_BYTES x NUM_PKTS_128_TO_256_BYTES,23-27-27,-0.010145051729503684,0.010145051729503684,3,True
Worms,3,RETRANSMITTED_OUT_PKTS x NUM_PKTS_128_TO_256_BYTES x FTP_COMMAND_RET_CODE,23-27-38,-0.006797455279741238,0.006797455279741238,6,True
Worms,3,DURATION_OUT x RETRANSMITTED_OUT_PKTS x NUM_PKTS_128_TO_256_BYTES,11-23-27,0.004875944345643305,0.004875944345643305,6,True
Worms,3,NUM_PKTS_512_TO_1024_BYTES x NUM_PKTS_1024_TO_1514_BYTES x SRC_TO_DST_IAT_AVG,29-30-41,0.004822923077399583,0.004822923077399583,6,True
Worms,3,L7_PROTO x NUM_PKTS_512_TO_1024_BYTES x NUM_PKTS_1024_TO_1514_BYTES,1-29-30,-0.004819803246024765,0.004819803246024765,6,True
Worms,3,RETRANSMITTED_OUT_PKTS x NUM_PKTS_128_TO_256_BYTES x DST_TO_SRC_IAT_STDDEV,23-27-46,-0.004441767838399392,0.004441767838399392,6,True
Worms,3,NUM_PKTS_128_TO_256_BYTES x NUM_PKTS_512_TO_1024_BYTES x SRC_TO_DST_IAT_STDDEV,27-29-42,0.004047115675384649,0.004047115675384649,6,True
Worms,3,NUM_PKTS_128_TO_256_BYTES x NUM_PKTS_512_TO_1024_BYTES x SRC_TO_DST_IAT_AVG,27-29-41,0.003995306228149517,0.003995306228149517,6,True
Worms,4,L7_PROTO x NUM_PKTS_128_TO_256_BYTES x NUM_PKTS_512_TO_1024_BYTES x FTP_COMMAND_RET_CODE,1-27-29-38,0.00169217517178405,0.00169217517178405,24,True
Worms,4,L7_PROTO x DST_TO_SRC_SECOND_BYTES x NUM_PKTS_128_TO_256_BYTES x NUM_PKTS_512_TO_1024_BYTES,1-19-27-29,0.0013331972763270929,0.0013331972763270929,24,True
Worms,4,L7_PROTO x NUM_PKTS_128_TO_256_BYTES x NUM_PKTS_512_TO_1024_BYTES x DST_TO_SRC_IAT_MAX,1-27-29-44,-0.0013131103651425854,0.0013131103651425854,24,True
Worms,4,L7_PROTO x NUM_PKTS_512_TO_1024_BYTES x NUM_PKTS_1024_TO_1514_BYTES x SRC_TO_DST_IAT_AVG,1-29-30-41,0.0012534637392385198,0.0012534637392385198,24,True
Worms,4,L7_PROTO x RETRANSMITTED_OUT_PKTS x NUM_PKTS_512_TO_1024_BYTES x SRC_TO_DST_IAT_AVG,1-23-29-41,0.001235759353231236,0.001235759353231236,24,True
Worms,4,L7_PROTO x RETRANSMITTED_IN_PKTS x RETRANSMITTED_OUT_BYTES x NUM_PKTS_128_TO_256_BYTES,1-21-22-27,0.0011153801229628062,0.0011153801229628062,24,True
Worms,4,L7_PROTO x NUM_PKTS_512_TO_1024_BYTES x NUM_PKTS_1024_TO_1514_BYTES x NUM_PKTS_1024_TO_1514_BYTES,1-29-30-30,-0.0010944195166649208,0.0010944195166649208,12,True
Worms,4,L7_PROTO x NUM_PKTS_256_TO_512_BYTES x NUM_PKTS_512_TO_1024_BYTES x SRC_TO_DST_IAT_AVG,1-28-29-41,-0.0009885209757395357,0.0009885209757395357,24,True
